{
  "engagement": {
    "blind_val": {
      "auc": 0.7029807037024032,
      "f1": 0.6043336258866524,
      "accuracy": 0.6418781213577377,
      "precision": 0.5558672895464711,
      "recall": 0.6620588559809593
    },
    "blind_train": {
      "auc": 0.7106255836107093,
      "f1": 0.6071582639689398,
      "accuracy": 0.6475384351820714,
      "precision": 0.5528908695148183,
      "recall": 0.6732379787334148
    },
    "ref_50k_val": {
      "auc": 0.6951,
      "f1": 0.5946,
      "accuracy": 0.6378,
      "precision": 0.5483,
      "recall": 0.6495
    }
  },
  "within_blind_reid": {
    "cosine": {
      "n_gallery_users": 9215,
      "n_probes": 156977,
      "metric": "cosine",
      "top_k_accuracy": {
        "1": 0.002630958675474751,
        "5": 0.010167094542512597,
        "10": 0.01669034317129261,
        "20": 0.02715684463329023
      },
      "mrr": 0.00949779560689735,
      "mean_rank": 1514.063308637571,
      "median_rank": 992.0,
      "per_user_accuracy_mean": 0.0029843334756511743,
      "per_user_accuracy_std": 0.02665106478198804,
      "per_user_accuracy_median": 0.0,
      "users_with_100pct_reid": 1,
      "users_with_0pct_reid": 8972
    },
    "euclidean": {
      "n_gallery_users": 9215,
      "n_probes": 156977,
      "metric": "euclidean",
      "top_k_accuracy": {
        "1": 0.0022168852761869575,
        "5": 0.008759244984934099,
        "10": 0.014715531574689286,
        "20": 0.024939959357103268
      },
      "mrr": 0.008665571680541795,
      "mean_rank": 1485.0550972435453,
      "median_rank": 988.0,
      "per_user_accuracy_mean": 0.0027385128216851355,
      "per_user_accuracy_std": 0.026438744437110785,
      "per_user_accuracy_median": 0.0,
      "users_with_100pct_reid": 1,
      "users_with_0pct_reid": 9029
    }
  },
  "cross_dataset_reid": {
    "n_gallery": 39657,
    "n_probes": 311182,
    "top_k_accuracy": {
      "1": 0.0,
      "5": 0.0,
      "10": 0.0,
      "20": 0.0
    },
    "mrr": 0.0,
    "mean_rank": 39658.0,
    "median_rank": 39658.0
  },
  "baseline": {
    "top_k_accuracy": {
      "1": 0.00010851871947911015,
      "5": 0.0005425935973955507,
      "10": 0.0010851871947911015,
      "20": 0.002170374389582203
    },
    "mrr": 0.0010532672591843522
  }
}