{
  "euclidean": {
    "n_gallery_users": 28361,
    "n_probes": 280423,
    "metric": "euclidean",
    "top_k_accuracy": {
      "1": 0.009261009261009262,
      "5": 0.015804695049978067,
      "10": 0.02028364292515236,
      "20": 0.026706083309856896
    },
    "mrr": 0.014155179077294255,
    "mean_rank": 3890.580779750591,
    "median_rank": 2242.0,
    "per_user_accuracy_mean": 0.016544383221075078,
    "per_user_accuracy_std": 0.08179940120619837,
    "per_user_accuracy_median": 0.0,
    "users_with_100pct_reid": 37,
    "users_with_0pct_reid": 26679
  },
  "cosine": {
    "n_gallery_users": 28361,
    "n_probes": 280423,
    "metric": "cosine",
    "top_k_accuracy": {
      "1": 0.011054728035860112,
      "5": 0.019367170310566537,
      "10": 0.024452345207062187,
      "20": 0.0317698619585412
    },
    "mrr": 0.016772686042921165,
    "mean_rank": 3892.6972466595107,
    "median_rank": 2266.0,
    "per_user_accuracy_mean": 0.01757702253398544,
    "per_user_accuracy_std": 0.08163027590763747,
    "per_user_accuracy_median": 0.0,
    "users_with_100pct_reid": 34,
    "users_with_0pct_reid": 26350
  },
  "baseline": {
    "top_k_accuracy": {
      "1": 3.525968759916787e-05,
      "5": 0.00017629843799583936,
      "10": 0.0003525968759916787,
      "20": 0.0007051937519833574
    },
    "mrr": 0.00038186254136303715
  },
  "split_info": {
    "n_gallery_users": 28361,
    "n_probe_impressions": 280423,
    "min_impressions": 4,
    "gallery_fraction": 0.5
  }
}