{
  "euclidean": {
    "n_gallery_users": 28361,
    "n_probes": 280423,
    "metric": "euclidean",
    "top_k_accuracy": {
      "1": 0.0017616244031338371,
      "5": 0.004963929492231379,
      "10": 0.008077083548781661,
      "20": 0.01282348452159773
    },
    "mrr": 0.0048572622340477805,
    "mean_rank": 4633.166124034048,
    "median_rank": 3096.0,
    "per_user_accuracy_mean": 0.0026543700208567747,
    "per_user_accuracy_std": 0.029082239899175057,
    "per_user_accuracy_median": 0.0,
    "users_with_100pct_reid": 2,
    "users_with_0pct_reid": 28003
  },
  "cosine": {
    "n_gallery_users": 28361,
    "n_probes": 280423,
    "metric": "cosine",
    "top_k_accuracy": {
      "1": 0.002417776002681663,
      "5": 0.006115760832741964,
      "10": 0.009499934028235915,
      "20": 0.014556580594316443
    },
    "mrr": 0.005778336161530963,
    "mean_rank": 4723.228123228123,
    "median_rank": 3121.0,
    "per_user_accuracy_mean": 0.003125064817289438,
    "per_user_accuracy_std": 0.029950437531869302,
    "per_user_accuracy_median": 0.0,
    "users_with_100pct_reid": 2,
    "users_with_0pct_reid": 27868
  },
  "baseline": {
    "top_k_accuracy": {
      "1": 3.525968759916787e-05,
      "5": 0.00017629843799583936,
      "10": 0.0003525968759916787,
      "20": 0.0007051937519833574
    },
    "mrr": 0.00038186254136303715
  },
  "split_info": {
    "n_gallery_users": 28361,
    "n_probe_impressions": 280423,
    "min_impressions": 4,
    "gallery_fraction": 0.5
  }
}